id,n1,n2,n3,n4,n5,n6,sp
96001,13,21,23,27,31,49,19
96002,12,19,23,42,44,48,33
96003,26,28,35,39,44,45,18
96004,10,16,26,38,31,33,44
96005,13,28,33,38,43,48,4
96006,6,26,27,44,45,46,2
96007,6,7,15,31,36,44,29
96008,8,13,18,26,34,36,17
96009,6,18,26,39,42,45,14
96010,7,8,10,12,47,48,38
96011,12,16,26,32,41,48,1
96012,7,28,30,41,45,48,44
96013,2,8,25,39,43,46,13
96014,18,19,27,34,44,48,37
96015,1,13,19,33,38,45,36
96016,5,13,25,30,39,48,36
96017,6,22,36,39,48,49,28
96018,12,15,24,32,39,49,6
96019,2,15,16,31,33,46,40
96020,12,14,20,21,23,31,45
96021,4,13,22,24,26,41,28
96022,28,35,36,38,43,49,47
96023,14,15,25,37,47,49,13
96024,5,6,17,19,20,32,18
96025,4,11,21,39,42,43,10
96026,14,31,33,40,45,46,49
96027,4,10,39,43,45,49,33
96028,10,18,22,34,35,37,41
96029,2,4,6,20,42,47,39
96030,5,15,23,28,31,33,49
96031,8,31,40,44,45,48,6
96032,9,15,16,19,44,49,37
96033,8,20,22,25,38,40,41
96034,9,10,29,32,38,42,37
96035,21,24,28,34,45,49,46
96036,6,22,34,38,40,44,15
96037,1,16,27,28,41,46,38
96038,10,13,21,26,29,47,49
96039,13,31,35,40,47,48,39
96040,11,12,27,41,43,46,36
96041,1,18,30,32,41,48,24
96042,2,11,13,25,34,36,38
96043,10,15,18,43,45,48,11
96044,7,8,11,25,34,43,16
96045,1,16,23,25,36,47,21
96046,1,2,11,26,28,46,16
96047,3,5,20,38,39,44,43
96048,11,17,28,34,36,46,26
96049,20,28,33,41,43,45,10
96050,13,32,35,39,41,42,1
96051,18,24,37,38,43,47,2
96052,9,23,26,28,29,44,31
96053,1,5,9,21,24,49,35
96054,9,12,23,36,44,48,26
96055,2,29,34,40,44,45,1
96056,5,10,13,18,34,35,15
96057,15,29,37,39,48,49,46
96058,2,5,10,19,23,25,11
96059,1,7,12,22,29,31,4
96060,13,21,32,39,42,46,36
96061,1,6,7,25,39,41,5
96062,2,12,15,27,38,40,35
96063,1,5,18,25,35,41,14
96064,11,22,27,29,35,40,48
96065,2,5,12,25,26,38,6
96066,2,12,31,35,43,47,40
96067,16,24,25,38,42,46,6
96068,4,6,7,12,25,47,9
96069,2,11,22,29,34,39,45
96070,23,31,35,40,41,44,21
96071,9,17,18,21,42,48,7
96072,3,5,22,32,42,49,28
96073,3,14,18,22,28,36,47
96074,2,15,22,27,45,48,32
96075,20,25,29,31,37,46,49
96076,1,16,24,31,35,39,21
96077,8,10,12,28,38,42,33
96078,8,9,16,17,19,30,45
96079,3,4,8,9,24,49,23
96080,3,10,19,26,29,48,18
96081,9,36,38,40,46,47,13
96082,9,20,23,26,28,37,44
96083,5,7,11,18,38,40,31
96084,15,17,22,28,36,46,24
96085,10,25,29,34,47,49,17
96086,3,11,13,16,21,36,26
96087,1,4,9,17,19,41,7
96088,4,10,28,44,45,48,39
96089,1,10,27,40,43,44,2
96090,1,2,6,12,18,24,25
96091,3,5,16,17,32,37,24
96092,16,20,22,39,42,46,38
96093,1,16,17,20,22,42,29
96094,1,22,23,43,46,49,33
96095,8,12,16,34,36,47,33
96096,8,15,16,19,30,45,44
96097,1,16,31,38,43,44,42
96098,8,10,17,28,32,34,42
96099,10,15,16,20,27,43,19
96100,1,17,26,27,34,39,13
96101,4,7,13,19,23,49,17
96102,15,19,20,22,28,44,42
96103,5,6,9,18,31,37,32
96104,10,12,16,18,22,29,30
97001,13,18,27,43,47,48,21
97002,5,13,29,31,39,40,33
97003,3,7,12,17,28,44,36
97004,3,7,8,27,37,49,48
97005,5,8,10,31,32,41,11
97006,6,8,18,25,26,36,13
97007,9,13,14,26,30,37,5
97008,1,4,15,20,24,40,32
97009,21,34,38,41,42,49,25
97010,1,2,6,18,20,38,29
97011,17,29,30,33,35,42,10
97012,1,3,6,7,15,27,39
97013,5,12,19,22,25,27,29
97014,1,22,31,41,42,46,36
97015,16,22,26,31,39,43,9
97016,1,3,7,12,30,43,22
97017,6,16,33,37,40,47,28
97018,1,7,9,10,18,27,43
97019,1,15,22,25,38,47,16
97020,12,25,28,40,41,42,29
97021,7,8,21,30,36,44,4
97022,3,21,30,34,44,49,13
97023,1,9,27,33,38,49,31
97024,11,14,27,32,34,49,28
97025,2,3,5,13,33,49,10
97026,1,8,9,12,19,26,49
97027,8,16,24,25,32,33,12
97028,13,23,28,30,38,44,26
97029,11,23,29,32,37,39,31
97030,5,6,23,25,28,42,43
97031,13,20,32,33,43,47,28
97032,4,13,25,35,38,43,30
97033,10,15,31,36,44,49,7
97034,4,15,20,45,47,48,34
97035,2,3,11,32,35,42,18
97036,11,13,14,33,39,45,41
97037,9,10,15,23,46,48,38
97038,15,17,23,36,43,48,21
97039,11,31,37,38,41,47,18
97040,3,7,21,22,26,40,41
97041,8,14,17,42,45,47,39
97042,2,10,11,29,37,44,13
97043,4,7,15,24,41,49,30
97044,8,11,12,20,32,42,30
97045,1,20,24,27,29,31,4
97046,1,20,22,31,40,42,38
97047,14,19,20,22,34,39,37
97048,7,8,20,21,31,39,6
97049,1,7,15,32,40,41,9
97050,3,20,21,24,28,39,23
97051,2,7,8,20,33,43,4
97052,1,2,9,10,38,41,31
97053,15,20,24,35,43,48,9
97054,6,10,17,21,43,49,33
97055,14,23,32,33,36,42,3
97056,7,21,22,23,34,36,11
97057,6,16,21,36,37,45,40
97058,4,6,9,15,20,38,27
97059,1,17,25,29,30,33,47
97060,7,19,25,29,35,43,1
97061,16,39,41,42,43,45,14
97062,7,11,18,22,37,38,30
97063,5,10,29,41,44,45,6
97064,8,16,20,33,35,49,24
97065,16,22,24,33,43,49,45
97066,8,14,23,24,43,44,4
97067,2,16,25,35,39,43,26
97068,4,5,8,26,31,37,10
97069,2,4,6,18,23,24,32
97070,2,24,25,26,28,46,49
97071,2,3,10,21,25,34,47
97072,2,3,14,22,32,33,24
97073,10,23,27,28,35,46,2
97074,1,9,16,18,34,37,12
97075,2,25,31,32,44,46,7
97076,2,13,23,28,35,48,18
97077,2,9,20,22,29,35,38
97078,15,29,30,36,41,42,39
97079,1,7,9,13,22,27,34
97080,18,19,37,41,45,48,9
97081,1,20,28,29,33,34,40
97082,13,14,20,24,41,47,6
97083,8,28,30,43,44,46,12
97084,5,11,15,19,28,36,46
97085,2,4,7,8,18,30,33
97086,5,6,8,9,14,49,3
97087,2,7,12,14,36,41,35
97088,1,3,9,11,19,47,40
97089,11,13,19,20,32,40,9
97090,15,25,30,33,40,46,18
97091,11,13,33,34,39,45,15
97092,7,15,23,35,36,43,8
97093,14,17,20,29,34,39,7
97094,16,17,21,28,30,37,9
97095,4,15,26,39,46,49,11
97096,1,5,7,16,17,41,20
97097,7,21,29,30,37,49,36
97098,2,3,8,31,40,44,45
97099,1,5,6,16,26,41,48
97100,2,28,34,36,39,42,24
97101,14,25,26,35,39,40,37
97102,3,10,15,30,38,45,41
97103,2,7,23,25,39,45,22
97104,8,15,18,33,37,40,32
97105,3,9,25,26,36,39,35
98001,2,6,23,26,35,38,11
98002,4,15,20,21,29,33,16
98003,4,15,27,30,37,45,19
98004,4,11,18,33,47,48,30
98005,8,24,25,26,33,40,13
98006,7,21,22,23,40,43,34
98007,10,11,21,28,38,40,29
98008,13,14,27,32,35,38,48
98009,2,5,10,23,39,41,48
98010,3,10,14,23,42,43,34
98011,4,7,10,21,27,32,37
98012,9,12,18,30,46,48,42
98013,2,3,7,24,42,45,10
98014,5,16,21,22,36,43,28
98015,1,13,24,34,40,49,37
98016,4,11,23,25,38,46,17
98017,13,17,19,26,34,36,2
98018,7,14,26,28,34,45,9
98019,6,13,21,26,31,32,30
98020,9,13,26,28,36,38,46
98021,9,24,32,45,46,47,33
98022,1,5,18,23,29,35,27
98023,2,7,9,11,18,31,5
98024,2,7,18,21,25,29,32
98025,1,2,18,28,34,40,25
98026,13,16,23,25,31,47,36
98027,6,33,36,42,44,45,48
98028,3,12,24,31,43,46,42
98029,8,9,25,36,40,44,17
98030,2,8,20,23,45,48,43
98031,16,18,21,22,24,38,34
98032,11,16,23,27,36,39,35
98033,13,20,21,24,42,49,43
98034,5,18,29,30,39,43,26
98035,3,5,21,26,38,43,32
98036,12,15,37,42,45,47,29
98037,3,15,19,22,24,31,5
98038,1,3,20,26,39,44,30
98039,5,7,14,15,18,45,11
98040,11,31,32,38,46,48,42
98041,1,2,16,18,32,40,15
98042,3,8,33,39,41,48,32
98043,21,29,30,34,36,45,49
98044,11,12,20,28,34,46,41
98045,6,23,27,42,44,49,15
98046,26,27,35,36,44,49,42
98047,12,13,32,41,43,44,21
98048,3,5,8,10,25,30,15
98049,2,12,19,23,40,42,9
98050,6,21,22,29,43,49,48
98051,6,12,33,38,43,45,49
98052,4,7,9,21,26,34,28
98053,17,19,32,40,41,47,37
98054,2,25,31,37,39,47,35
98055,3,8,21,26,30,46,11
98056,4,5,15,37,41,44,8
98057,9,11,13,16,38,42,6
98058,5,17,27,28,39,48,44
98059,1,3,7,22,40,47,15
98060,2,10,13,15,25,49,4
98061,4,7,9,10,24,42,41
98062,2,21,23,27,44,48,30
98063,1,2,15,26,31,49,43
98064,3,24,27,28,30,46,42
98065,4,8,15,26,39,49,34
98066,11,12,18,31,46,47,27
98067,11,13,32,37,42,43,20
98068,1,7,9,15,21,38,31
98069,12,23,39,44,45,48,47
98070,7,8,12,19,26,36,9
98071,5,28,31,36,40,49,20
98072,8,11,12,15,19,20,34
98073,10,16,18,31,33,48,7
98074,2,4,26,36,43,48,30
98075,2,4,8,9,26,38,23
98076,3,4,8,12,21,42,48
98077,1,9,13,16,33,37,4
98078,17,27,32,37,45,47,25
98079,9,15,25,28,30,35,22
98080,9,14,15,22,26,33,16
98081,10,14,17,33,40,41,12
98082,5,13,28,40,44,49,43
98083,13,15,20,29,30,43,1
98084,1,11,12,14,41,46,45
98085,5,6,18,19,21,34,10
98086,2,12,28,32,42,46,23
98087,4,8,12,20,37,39,30
98088,5,13,20,26,29,34,30
98089,1,2,10,44,45,46,22
98090,2,7,22,25,26,42,44
98091,13,25,32,33,38,47,26
98092,1,4,8,10,34,49,46
98093,5,13,15,20,26,31,35
98094,2,7,13,23,27,40,4
98095,1,5,6,15,19,26,14
98096,11,23,27,29,38,49,40
98097,2,3,13,19,22,39,21
98098,4,16,19,27,32,39,21
98099,12,15,20,29,36,48,31
98100,4,35,38,43,44,48,37
98101,3,16,32,42,43,45,6
98102,10,11,14,24,27,47,32
98103,9,12,22,30,42,47,27
98104,12,21,25,29,42,48,6
99001,2,16,20,22,23,27,46
99002,11,18,24,32,38,40,47
99003,1,8,19,21,43,45,30
99004,1,23,34,36,46,48,18
99005,4,7,26,41,47,49,3
99006,13,24,25,32,35,45,5
99007,3,23,24,31,32,46,47
99008,25,26,28,33,39,40,10
99009,16,18,29,34,44,49,8
99010,9,15,18,21,27,41,46
99011,1,5,14,19,33,36,16
99012,9,13,32,34,35,45,38
99013,1,14,23,31,32,40,35
99014,5,26,29,36,43,49,12
99015,12,14,27,30,37,43,36
99016,5,19,23,40,45,48,6
99017,5,6,22,32,34,47,1
99018,2,3,9,33,34,38,45
99019,3,15,21,22,35,38,4
99020,5,7,12,14,16,36,4
99021,18,19,23,31,35,38,22
99022,26,36,37,39,41,46,4
99023,5,8,18,22,29,49,47
99024,11,22,28,35,37,48,49
99025,9,17,19,23,35,36,34
99026,16,37,41,46,47,49,14
99027,1,6,16,21,41,48,12
99028,9,23,27,28,31,41,44
99029,4,5,29,36,40,49,26
99030,12,14,34,42,46,49,25
99031,1,24,30,31,34,40,43
99032,2,7,21,23,32,41,42
99033,3,4,30,45,47,49,27
99034,12,14,16,34,35,48,43
99035,8,35,36,37,39,44,20
99036,4,15,23,32,34,35,18
99037,19,23,28,32,38,49,20
99038,11,13,29,33,42,45,2
99039,3,6,16,21,28,47,18
99040,3,6,14,27,28,33,5
99041,4,12,16,27,44,47,39
99042,1,20,30,32,34,43,3
99043,3,18,19,20,26,43,10
99044,2,5,15,28,35,40,1
99045,11,15,27,28,37,39,4
99046,8,24,25,40,42,46,10
99047,1,20,21,27,42,43,26
99048,2,4,17,20,27,44,24
99049,2,5,15,20,26,48,8
99050,9,15,26,28,36,42,40
99051,11,24,27,39,46,47,20
99052,1,4,11,18,20,48,5
99053,7,10,20,23,32,45,17
99054,5,11,21,25,43,48,31
99055,11,24,25,32,33,35,23
99056,2,5,8,15,31,34,12
99057,16,17,18,20,32,45,9
99058,5,22,23,27,29,43,47
99059,8,15,22,42,43,49,7
99060,3,15,33,38,44,49,30
99061,8,11,12,14,23,36,45
99062,3,13,15,25,29,49,9
99063,10,19,21,22,28,47,39
99064,3,24,25,28,38,40,11
99065,2,13,22,30,36,48,9
99066,6,14,18,19,20,42,9
99067,8,21,28,33,38,44,27
99068,6,8,30,45,47,48,29
99069,8,14,27,30,42,47,29
99070,4,7,20,23,31,43,47
99071,5,7,18,20,38,47,37
99072,3,4,8,16,41,43,22
99073,10,14,18,41,42,49,24
99074,1,2,19,22,26,44,3
99075,12,13,24,34,35,39,14
99076,1,22,35,38,39,45,8
99077,2,8,29,36,42,44,22
99078,3,4,19,22,32,40,11
99079,8,12,23,37,38,48,20
99080,14,16,21,32,35,43,49
99081,3,11,14,39,41,48,6
99082,8,9,10,20,31,40,25
99083,1,11,20,28,30,46,10
99084,12,21,27,35,36,37,8
99085,1,4,8,13,18,49,3
99086,3,14,22,35,43,44,26
99087,4,13,19,26,27,28,33
99088,4,5,21,34,36,39,28
99089,5,8,13,16,28,47,46
99090,5,7,21,30,31,36,49
99091,3,10,23,36,37,39,15
99092,2,7,10,12,15,43,22
99093,3,6,40,43,44,45,41
99094,2,3,26,30,32,48,41
99095,18,22,23,35,44,49,26
99096,7,8,24,34,36,38,16
99097,17,23,33,38,43,48,19
99098,21,22,30,37,38,49,34
99099,1,17,22,26,29,33,3
99100,15,16,17,20,32,41,8
99101,9,25,28,30,35,41,12
99102,1,12,23,35,38,45,26
99103,16,27,39,43,48,49,1
99104,2,13,17,27,31,36,18
99105,4,9,27,36,38,39,2
100001,14,19,23,35,37,47,42
100002,11,13,34,35,47,49,20
100003,7,10,11,12,14,20,41
100004,16,17,20,32,39,45,46
100005,15,38,40,42,46,47,17
100006,2,32,36,37,39,43,3
100007,12,13,17,21,31,39,20
100008,3,4,13,18,24,42,47
100009,1,6,17,25,40,42,15
100010,10,33,41,42,47,49,3
100011,5,6,23,31,39,41,16
100012,3,4,7,34,36,45,24
100013,9,12,15,24,33,35,18
100014,14,20,23,26,37,38,33
100015,13,15,20,32,35,39,11
100016,2,3,20,28,36,44,21
100017,3,8,14,27,31,48,23
100018,12,16,18,22,23,27,41
100019,1,6,24,25,32,47,38
100020,5,11,13,21,22,42,25
100021,4,19,28,29,30,41,10
100022,3,15,23,30,36,37,28
100023,6,8,20,24,36,47,27
100024,1,18,35,39,43,48,2
100025,4,10,12,18,22,40,24
100026,14,20,30,32,35,43,33
100027,8,10,20,24,28,29,32
100028,9,10,23,29,37,38,44
100029,4,6,14,24,29,33,45
100030,15,28,37,38,42,47,33
100031,22,35,37,41,46,47,24
100032,4,21,22,26,36,46,41
100033,20,37,39,40,41,45,8
100034,1,7,16,17,22,23,19
100035,10,15,18,24,28,43,35
100036,6,22,23,24,36,44,3
100037,5,12,25,35,38,42,28
100038,16,19,21,29,36,42,10
100039,1,3,11,15,26,48,28
100040,2,33,34,42,44,47,10
100041,1,16,19,24,25,26,21
100042,5,10,24,32,43,48,4
100043,5,9,15,32,38,43,12
100044,8,12,13,15,35,46,30
100045,3,8,22,27,31,39,14
100046,6,10,19,29,37,41,9
100047,5,17,21,31,33,48,25
100048,1,2,19,31,47,48,36
100049,1,10,13,40,42,46,41
100050,11,19,21,27,38,39,24
100051,11,13,15,23,27,33,4
100052,9,23,25,31,44,49,2
100053,1,2,15,18,28,32,26
100054,16,18,35,37,43,47,7
100055,8,24,31,35,37,41,19
100056,17,23,27,30,43,49,31
100057,2,17,20,37,47,49,36
100058,4,5,6,8,22,38,42
100059,2,8,13,29,35,36,14
100060,6,19,28,37,38,46,42
100061,17,24,27,28,42,45,31
100062,3,20,24,25,28,49,30
100063,25,27,33,38,40,49,12
100064,2,12,14,22,40,45,4
100065,26,30,37,38,42,43,32
100066,13,18,30,32,41,48,45
100067,5,23,29,32,36,42,14
100068,10,31,32,33,43,45,30
100069,10,12,26,36,37,48,34
100070,2,5,22,24,30,35,42
100071,2,9,23,29,38,41,8
100072,1,8,12,15,36,47,10
100073,2,8,11,38,41,48,18
100074,15,23,28,30,36,48,45
100075,2,25,27,28,34,37,42
100076,14,16,23,27,28,44,40
100077,3,9,23,26,31,42,41
100078,10,11,24,34,44,48,31
100079,2,8,15,26,29,49,3
100080,1,6,13,16,30,33,3
100081,2,6,18,33,34,43,28
100082,7,8,21,23,26,39,28
100083,4,8,19,32,44,46,21
100084,20,33,34,35,41,43,4
100085,2,5,24,28,33,44,4
100086,5,15,24,27,33,36,1
100087,4,7,13,14,21,29,22
100088,2,7,8,14,21,38,11
100089,2,11,22,35,39,40,36
100090,4,19,20,29,32,36,30
100091,12,19,21,35,42,46,40
100092,10,11,12,15,16,45,19
100093,16,21,37,40,41,46,27
100094,8,10,27,30,36,43,48
100095,1,7,11,14,35,36,10
100096,23,27,31,37,39,45,6
100097,3,13,14,18,22,38,6
100098,10,37,38,39,40,45,18
100099,2,23,30,36,44,48,24
100100,10,31,35,36,41,44,34
100101,5,7,9,26,27,34,8
100102,6,17,27,31,40,48,28
100103,1,8,23,24,30,32,14
100104,12,13,15,28,30,37,3
101001,9,19,26,34,38,40,37
101002,10,14,23,35,41,46,19
101003,3,21,23,27,45,47,40
101004,22,36,42,43,46,48,21
101005,4,10,22,35,42,46,32
101006,10,12,22,30,39,44,9
101007,8,21,29,38,44,45,20
101008,3,20,21,22,34,40,44
101009,1,11,14,15,19,33,42
101010,5,8,20,32,34,35,17
101011,7,22,27,33,39,41,13
101012,5,16,19,29,41,43,37
101013,2,11,19,21,33,45,40
101014,14,15,26,30,38,44,19
101015,2,21,32,39,42,46,19
101016,2,6,13,15,17,43,4
101017,2,30,32,36,43,47,49
101018,2,6,15,21,31,45,24
101019,2,5,17,20,25,48,14
101020,10,21,41,44,45,48,32
101021,6,24,46,47,48,49,40
101022,26,27,28,30,31,43,8
101023,4,5,7,13,26,46,24
101024,22,31,36,37,43,44,11
101025,16,18,23,27,28,29,19
101026,1,20,21,28,36,38,30
101027,8,22,23,39,44,47,36
101028,4,5,14,36,37,40,25
101029,6,19,27,31,33,42,13
101030,1,4,9,20,25,35,43
101031,19,23,25,26,31,43,10
101032,2,3,25,44,45,48,31
101033,9,14,19,21,39,47,11
101034,13,22,24,35,40,45,37
101035,5,7,21,22,31,43,4
101036,4,11,17,23,31,39,14
101037,6,23,24,25,29,30,47
101038,10,22,29,30,33,37,27
101039,1,30,35,44,47,49,46
101040,13,23,25,31,39,46,41
101041,1,8,13,18,28,49,6
101042,1,17,22,26,33,40,11
101043,5,22,38,43,46,49,13
101044,4,18,31,34,39,44,49
101045,11,13,16,35,40,49,39
101046,1,9,24,45,46,49,12
101047,3,21,29,33,35,40,45
101048,9,15,23,38,47,49,36
101049,1,5,17,19,26,46,47
101050,6,24,28,36,38,44,8
101051,1,6,7,12,16,41,49
101052,9,11,30,36,39,45,26
101053,11,18,21,34,41,49,47
101054,4,11,18,19,27,31,24
101055,3,16,26,28,31,41,45
101056,8,15,28,35,41,46,11
101057,17,19,22,25,30,37,31
101058,11,14,22,34,41,44,27
101059,5,11,21,24,37,39,13
101060,5,7,9,22,27,34,45
101061,1,24,28,33,43,44,31
101062,13,14,18,27,29,44,21
101063,12,23,28,29,43,47,26
101064,1,3,14,24,26,45,38
101065,2,19,27,31,38,49,32
101066,7,38,39,43,47,48,29
101067,6,29,40,44,46,47,33
101068,7,34,35,42,43,47,29
101069,1,3,6,30,38,41,46
101070,18,28,31,34,36,45,42
101071,10,21,32,36,40,48,9
101072,7,17,19,24,30,44,31
101073,3,4,21,30,31,48,15
101074,20,31,32,33,37,38,39
101075,12,13,18,39,44,48,35
101076,22,29,30,36,37,42,9
101077,18,19,34,35,45,49,16
101078,4,6,22,41,42,47,18
101079,1,3,7,9,28,40,45
101080,9,17,18,33,44,47,8
101081,8,15,18,30,31,41,45
101082,5,11,12,30,43,48,15
101083,2,3,28,35,44,45,36
101084,13,25,27,39,45,49,11
101085,2,7,19,20,25,46,43
101086,1,17,20,28,32,41,13
101087,10,14,20,25,36,46,2
101088,4,18,24,36,37,38,31
101089,8,13,41,42,47,48,29
101090,9,25,31,37,38,45,21
101091,2,11,14,22,25,31,26
101092,17,18,32,33,41,42,12
101093,6,20,23,24,27,34,16
101094,2,3,4,14,18,46,25
101095,5,9,13,18,19,31,32
101096,5,18,26,31,37,43,8
101097,2,23,29,30,41,43,16
101098,8,11,13,19,23,28,49
101099,5,12,14,22,38,44,25
101100,8,11,17,21,28,49,37
101101,5,7,10,15,19,44,49
101102,13,17,22,25,31,48,26
101103,12,18,25,32,41,47,7
101104,5,14,18,28,37,42,19
102001,03,4,22,32,33,49,21
102002,1,7,24,31,35,47,21
102003,5,6,14,19,27,33,31
102004,1,10,24,33,44,48,37
102005,2,8,32,34,44,46,14
102006,22,27,30,33,37,46,24
102007,2,14,23,25,31,47,48
102008,2,4,11,18,48,49,38
102009,3,7,31,32,34,43,41
102010,1,26,28,37,39,46,3
102011,8,15,19,25,30,38,6
102012,4,11,22,26,38,47,13
102013,5,11,17,22,30,34,10
102014,9,10,12,21,31,35,19
102015,6,16,40,45,46,48,31
102016,3,13,19,24,27,38,40
102017,2,8,17,30,34,40,26
102018,7,23,24,28,32,40,8
102019,7,9,17,25,28,35,36
102020,8,15,21,30,36,39,17
102021,1,26,34,35,36,37,7
102022,5,24,30,35,36,38,11
102023,12,13,16,29,44,45,30
102024,16,20,35,46,47,49,31
102025,5,13,23,37,43,44,26
102026,1,12,25,37,39,40,18
102027,5,7,13,23,24,30,1
102028,1,9,20,28,39,42,47
102029,2,3,8,15,24,46,36
102030,11,15,20,23,26,35,31
102031,4,7,13,17,21,35,33
102032,7,16,35,45,47,48,39
102033,1,3,18,22,29,32,21
102034,6,18,40,43,45,48,24
102035,3,36,37,40,42,48,17
102036,12,15,29,31,36,45,40
102037,15,17,19,30,40,47,25
102038,10,30,32,37,46,47,16
102039,1,4,8,22,32,45,2
102040,9,11,14,25,33,35,2
102041,2,17,25,32,39,43,34
102042,1,6,7,27,30,39,21
102043,5,10,16,22,23,24,31
102044,24,29,35,39,42,49,48
102045,10,27,28,31,37,41,34
102046,7,10,16,17,30,43,23
102047,3,6,10,33,39,44,37
102048,14,19,34,43,46,47,42
102049,3,14,29,33,39,48,22
102050,16,20,34,42,46,49,4
102051,4,16,22,32,35,47,43
102052,4,11,25,36,41,43,27
102053,10,29,35,39,41,44,7
102054,7,18,26,28,34,38,5
102055,22,26,31,42,44,49,29
102056,1,5,18,21,40,44,22
102057,11,14,28,39,40,45,42
102058,19,24,28,29,41,43,37
102059,15,24,29,34,47,48,31
102060,10,13,16,29,31,37,32
102061,3,5,9,15,30,49,48
102062,4,17,24,27,35,49,39
102063,8,17,21,34,39,45,44
102064,6,15,16,22,43,45,48
102065,7,27,43,44,45,46,35
102066,1,4,17,27,32,48,6
102067,3,4,12,13,24,30,9
102068,12,14,16,34,37,48,7
102069,4,17,24,27,29,40,9
102070,5,7,16,28,31,49,34
102071,5,11,12,14,31,35,26
102072,5,8,11,14,15,36,46
102073,2,21,24,27,36,46,5
102074,11,13,22,29,39,48,45
102075,6,7,14,33,36,48,18
102076,1,10,14,34,42,47,9
102077,12,16,26,27,28,45,6
102078,1,8,17,19,40,46,15
102079,6,12,19,28,39,47,36
102080,7,9,15,23,34,35,41
102081,1,12,18,19,38,46,2
102082,1,4,14,17,23,46,41
102083,7,12,18,25,28,48,46
102084,4,6,7,11,26,31,38
102085,2,10,32,37,46,49,28
102086,8,13,16,20,22,28,49
102087,9,11,17,39,40,43,46
102088,7,8,16,23,32,39,22
102089,3,8,10,11,35,36,39
102090,1,4,21,30,39,42,44
102091,6,16,26,31,36,46,9
102092,3,12,27,29,37,46,17
102093,1,3,28,30,33,39,34
102094,3,12,22,23,29,46,33
102095,2,4,18,31,36,43,8
102096,15,16,33,35,36,46,21
102097,8,9,11,24,40,47,33
102098,1,10,11,15,20,21,26
102099,2,8,13,19,30,31,20
102100,8,10,17,38,44,49,40
102101,4,6,8,10,15,36,13
102102,6,11,27,34,42,49,21
102103,10,16,26,28,41,48,42
102104,1,4,9,14,22,28,20
102105,8,9,14,17,25,45,27
102106,9,21,24,33,36,43,3
102107,2,12,16,31,39,43,18
102108,5,27,29,36,40,42,35
103001,11,18,20,21,35,37,8
103002,1,7,21,25,35,36,39
103003,7,17,19,30,32,37,3
103004,2,11,21,41,45,49,26
103005,13,15,20,26,29,36,37
103006,12,15,22,38,43,44,9
103007,1,4,20,29,41,45,36
103008,1,2,5,7,26,30,24
103009,9,22,44,45,48,49,8
103010,17,23,27,38,48,49,19
103011,6,9,13,19,36,37,27
103012,3,13,14,19,24,45,5
103013,1,2,16,17,27,30,48
103014,8,12,19,32,42,46,28
103015,5,11,12,21,22,28,25
103016,6,15,21,22,31,44,41
103017,10,19,20,24,33,48,1
103018,6,19,20,26,32,47,35
103019,11,12,23,28,40,48,9
103020,3,5,9,12,13,46,4
103021,13,17,18,24,28,32,37
103022,8,26,35,37,40,43,6
103023,6,18,26,30,37,38,16
103024,13,15,16,20,40,43,14
103025,2,8,27,40,41,47,28
103026,12,26,28,35,39,40,16
103027,8,18,26,31,46,47,20
103028,19,23,25,30,42,47,16
103029,9,18,23,35,36,47,41
103030,18,22,29,30,46,47,6
103031,8,24,35,37,41,47,23
103032,1,14,17,27,28,45,11
103033,1,3,4,9,12,17,15
103034,5,8,24,26,35,44,41
103035,8,9,15,40,44,48,24
103036,11,12,15,18,20,37,42
103037,4,24,34,35,38,46,30
103038,2,9,27,30,44,46,22
103039,1,7,23,25,37,40,12
103040,10,25,35,39,40,46,31
103041,1,11,13,21,27,37,3
103042,15,20,29,31,32,44,23
103043,14,31,38,41,42,45,29
103044,6,13,30,33,34,35,38
103045,11,17,22,27,30,46,15
103046,10,19,23,26,32,39,16
103047,9,17,21,24,30,35,15
103048,16,31,32,33,35,44,46
103049,25,29,40,41,47,49,48
103050,3,11,28,32,33,35,30
103051,4,21,28,32,37,42,16
103052,3,6,18,20,25,48,12
103053,12,14,16,33,36,47,48
103054,1,8,12,14,40,41,15
103055,13,21,27,34,35,36,24
103056,6,7,8,9,21,48,18
103057,3,14,17,24,27,48,28
103058,10,22,25,33,39,47,38
103059,1,7,14,15,18,30,33
103060,7,18,23,32,34,48,13
103061,1,2,15,19,21,30,40
103062,3,9,13,17,28,42,14
103063,5,21,30,32,35,45,26
103064,31,32,34,36,44,47,46
103065,5,8,21,23,32,45,18
103066,4,11,26,33,40,42,34
103067,26,31,32,38,42,45,37
103068,4,6,10,12,34,45,44
103069,18,23,29,46,47,48,5
103070,6,7,9,12,14,19,17
103071,8,16,23,30,31,43,18
103072,1,17,19,23,32,43,9
103073,9,10,21,23,38,39,35
103074,7,8,36,39,42,43,22
103075,10,16,25,27,32,36,45
103076,21,23,29,41,42,49,14
103077,2,23,27,31,36,49,15
103078,7,12,16,18,19,41,45
103079,2,6,17,29,32,39,4
103080,2,11,20,28,32,38,16
103081,8,15,19,22,29,37,39
103082,18,35,36,41,47,49,15
103083,10,14,19,24,35,37,39
103084,17,18,40,41,45,47,29
103085,1,11,19,24,26,28,33
103086,9,10,14,20,36,47,8
103087,2,11,20,32,33,36,39
103088,14,28,31,38,42,44,45
103089,1,17,20,36,37,45,15
103090,5,16,25,32,37,44,21
103091,2,8,10,14,27,49,20
103092,3,20,30,35,38,41,47
103093,11,19,25,27,40,49,33
103094,5,11,18,23,36,43,14
103095,15,16,29,34,41,44,49
103096,11,12,20,26,28,43,6
103097,2,3,22,26,32,34,40
103098,1,15,16,32,44,48,40
103099,1,10,21,35,40,44,36
103100,9,11,13,23,26,42,47
103101,11,18,30,34,37,47,17
103102,7,9,23,33,41,43,24
103103,7,8,24,29,32,48,37
103104,17,28,32,34,35,45,8
103105,1,9,24,32,41,49,40
103106,3,27,30,31,32,39,35
103107,9,27,32,42,45,49,30
103108,7,30,32,44,48,49,45
104001,13,22,23,29,31,48,6
104002,11,16,29,30,37,43,13
104003,7,8,18,21,23,24,11
104004,2,14,16,22,37,46,49
104005,2,17,28,32,38,46,49
104006,9,24,28,35,45,47,48
104007,8,16,20,38,39,42,29
104008,4,9,15,21,27,45,6
104009,3,14,24,35,39,44,28
104010,5,13,15,16,18,30,8
104011,5,11,29,36,42,46,48
104012,14,15,26,29,35,44,9
104013,1,9,15,25,29,35,38
104014,3,11,15,23,40,46,13
104015,3,6,15,16,27,31,14
104016,7,25,27,31,40,49,11
104017,5,9,10,28,29,45,41
104018,2,5,11,17,27,40,20
104019,3,6,12,34,37,43,28
104020,14,20,21,32,38,43,23
104021,3,28,39,41,46,48,9
104022,2,6,27,34,38,43,45
104023,4,6,11,41,43,46,21
104024,6,21,22,35,37,44,29
104025,3,11,25,34,46,47,42
104026,6,9,14,16,22,33,11
104027,5,32,36,40,42,49,1
104028,4,7,9,13,29,46,8
104029,3,4,6,9,17,24,28
104030,12,13,15,18,24,36,39
104031,2,4,13,25,32,43,15
104032,13,32,36,40,42,43,41
104033,11,17,19,33,45,47,4
104034,10,11,17,20,42,44,13
104035,1,22,23,38,48,49,11
104036,26,32,33,36,45,47,39
104037,1,3,11,22,29,33,30
104038,13,25,31,35,41,46,49
104039,3,5,12,26,36,44,23
104040,8,15,25,29,47,49,9
104041,8,28,41,42,44,49,30
104042,2,10,15,28,44,49,39
104043,1,13,23,29,31,33,17
104044,3,6,18,27,29,32,40
104045,15,16,29,39,42,46,14
104046,3,21,23,28,37,43,5
104047,2,10,11,20,26,45,30
104048,2,5,11,28,32,34,24
104049,1,7,19,20,46,47,13
104050,8,21,32,35,41,48,34
104051,3,20,27,34,37,44,12
104052,8,19,22,24,26,28,18
104053,3,4,25,35,41,45,7
104054,3,5,11,18,25,38,15
104055,2,13,33,35,43,45,5
104056,5,6,12,28,29,41,7
104057,18,19,32,35,46,48,47
104058,21,23,28,29,41,46,24
104059,1,14,27,33,42,46,41
104060,5,6,13,26,29,47,33
104061,10,12,14,19,30,45,41
104062,4,7,20,27,33,40,38
104063,8,9,16,39,40,44,28
104064,10,12,25,33,39,42,29
104065,6,15,27,32,44,49,16
104066,13,16,18,30,32,40,29
104067,3,12,17,19,38,48,43
104068,25,26,27,28,36,37,38
104069,1,2,35,43,45,46,14
104070,5,13,14,23,24,42,35
104071,8,20,29,30,42,49,21
104072,10,15,20,21,27,36,45
104073,13,15,22,26,45,47,49
104074,8,11,12,15,40,46,16
104075,9,18,19,20,40,48,3
104076,19,20,44,46,47,49,9
104077,8,28,31,32,36,43,9
104078,5,10,18,29,41,44,30
104079,2,13,30,31,34,44,39
104080,6,16,17,36,37,41,28
104081,6,10,39,44,46,47,30
104082,9,13,21,25,38,39,2
104083,1,3,25,31,35,44,15
104084,11,15,36,41,44,45,35
104085,3,8,10,28,38,47,13
104086,2,8,22,27,35,43,24
104087,24,29,31,32,44,49,39
104088,20,25,29,31,40,44,21
104089,12,17,32,37,38,39,27
104090,1,16,41,43,46,47,25
104091,7,8,10,17,34,36,43
104092,3,6,8,15,20,30,40
104093,8,16,22,28,45,48,13
104094,8,24,27,30,45,49,42
104095,7,10,11,27,28,45,21
104096,1,11,16,18,31,33,19
104097,2,7,26,31,44,47,36
104098,4,9,10,39,40,42,8
104099,1,9,13,28,29,48,45
104100,4,5,23,25,40,41,11
104101,6,13,15,19,37,41,22
104102,16,21,34,37,41,47,29
104103,8,15,32,36,40,43,3
104104,1,4,25,29,42,43,11
104105,4,11,18,22,23,31,19
104106,5,6,11,15,18,25,31
104107,8,12,13,29,37,49,43
104108,3,7,11,12,16,30,13
104109,1,8,13,30,32,42,11
105001,16,19,24,29,41,43,32
105002,1,3,7,15,25,33,21
105003,3,10,13,28,44,48,1
105004,5,15,18,39,40,44,37
105005,6,11,16,17,27,42,35
105006,4,9,14,23,44,46,41
105007,10,15,17,20,43,46,37
105008,11,13,17,35,39,46,2
105009,16,35,38,44,45,48,27
105010,15,21,23,26,43,48,34
105011,4,5,26,30,38,41,28
105012,4,11,21,25,35,37,43
105013,8,12,13,16,27,32,24
105014,9,24,25,31,37,45,12
105015,18,19,22,32,44,47,9
105016,3,13,29,30,34,48,28
105017,6,10,11,22,32,45,4
105018,4,6,18,29,35,48,20
105019,1,3,16,20,21,26,22
105020,11,23,29,33,34,40,6
105021,11,20,23,30,39,44,49
105022,10,14,19,20,43,45,22
105023,3,9,17,21,41,46,27
105024,7,14,17,22,23,34,12
105025,5,7,12,17,22,29,4
105026,3,27,30,35,39,41,32
105027,9,16,30,34,36,49,31
105028,6,14,30,42,47,48,18
105029,1,3,4,18,25,47,13
105030,7,11,16,20,30,33,6
105031,7,11,22,37,40,41,20
105032,1,17,18,34,46,47,25
105033,8,12,16,29,37,39,40
105034,14,23,26,32,38,43,3
105035,2,7,13,30,36,45,43
105036,11,14,19,39,45,49,23
105037,9,13,17,28,45,47,3
105038,12,21,39,41,46,47,14
105039,12,19,23,33,46,48,29
105040,6,12,21,25,34,43,28
105041,8,14,27,31,36,40,3
105042,1,7,17,40,41,43,33
105043,1,26,37,39,42,48,41
105044,3,4,8,22,36,38,7
105045,3,10,22,31,35,38,37
105046,2,3,20,23,34,42,40
105047,5,10,25,30,40,43,26
105048,6,8,13,21,33,39,45
105049,2,9,13,16,24,39,41
105050,1,2,5,32,45,46,43
105051,3,10,27,33,41,44,7
105052,5,8,23,31,39,44,19
105053,4,13,15,22,23,48,3
105054,12,13,16,33,35,37,18
105055,7,10,17,20,21,31,49
105056,2,27,34,35,36,49,26
105057,14,17,27,28,39,41,18
105058,7,8,25,39,45,46,38
105059,8,20,24,34,41,43,32
105060,6,9,15,17,40,47,24
105061,9,10,13,19,23,35,38
105062,25,31,34,42,43,46,5
105063,24,25,29,33,35,38,49
105064,7,13,33,40,45,46,39
105065,2,10,17,27,33,49,15
105066,9,15,19,22,35,41,37
105067,9,15,27,28,30,41,13
105068,4,15,20,22,28,29,1
105069,1,2,22,27,35,40,33
105070,15,17,30,35,37,45,41
105071,8,20,33,35,42,43,10
105072,5,14,15,20,27,29,35
105073,5,19,26,44,46,48,36
105074,25,26,37,38,44,48,31
105075,9,28,34,41,42,49,6
105076,1,11,18,27,36,46,26
105077,9,11,20,21,45,46,42
105078,4,7,20,23,28,45,35
105079,1,12,35,36,41,44,21
105080,3,16,22,33,40,41,39
105081,17,23,30,31,34,49,36
105082,4,7,17,22,44,45,32
105083,1,2,29,31,33,43,40
105084,14,15,16,35,46,48,2
105085,4,10,31,38,40,48,5
105086,11,23,30,35,40,44,7
105087,10,16,30,33,37,42,43
105088,2,8,13,14,37,39,38
105089,10,23,29,30,44,47,7
105090,14,15,16,24,44,47,21
105091,2,8,21,32,33,37,15
105092,5,15,25,27,33,34,43
105093,1,10,13,33,37,38,40
105094,10,11,15,20,31,49,44
105095,2,3,17,28,38,49,21
105096,3,6,11,17,22,49,44
105097,2,7,8,22,28,32,20
105098,7,8,25,33,41,43,6
105099,6,18,24,25,26,34,19
105100,1,21,24,25,34,44,19
105101,1,3,22,28,37,42,10
105102,3,21,26,28,38,40,42
105103,5,25,26,34,40,49,47
105104,27,30,32,41,44,46,42
105105,12,28,38,42,44,49,2
105106,19,29,33,36,39,49,6
105107,11,19,25,34,36,42,8
105108,1,29,35,36,44,46,6
105109,8,23,28,38,41,42,30
105110,10,25,26,29,31,40,2
105111,6,7,35,37,38,47,12
106001,18,22,41,42,47,49,45
106002,12,14,32,35,40,43,17
106003,4,13,14,37,39,46,31
106004,14,19,21,25,27,38,22
106005,4,12,17,28,34,40,7
106006,1,5,16,18,31,41,13
106007,1,9,17,31,33,48,49
106008,1,5,7,31,35,49,42
106009,1,19,20,25,30,32,2
106010,3,8,9,12,14,22,46
106011,10,19,26,29,43,45,20
106012,4,11,16,28,33,46,17
106013,4,9,11,32,43,47,44
106014,2,11,25,29,30,33,20
106015,6,18,19,23,32,49,21
106016,7,11,12,15,24,26,6
106017,10,11,21,23,28,37,24
106018,6,16,21,23,46,49,39
106019,8,10,15,32,39,48,43
106020,12,16,35,38,41,47,1
106021,6,14,15,19,30,43,31
106022,2,16,20,37,43,48,10
106023,6,12,22,31,41,44,2
106024,11,12,21,35,41,48,1
106025,15,17,20,32,33,39,21
106026,4,17,25,36,40,44,8
106027,8,16,27,32,43,44,7
106028,24,36,39,41,45,49,22
106029,21,22,32,37,42,44,38
106030,17,18,22,24,25,38,39
106031,5,17,33,34,43,44,4
106032,19,23,31,32,37,49,26
106033,9,22,31,36,40,47,8
106034,2,3,4,23,29,42,14
106035,14,21,25,35,36,39,18
106036,5,15,22,23,28,39,25
106037,16,17,30,32,35,41,26
106038,1,3,19,31,32,42,43
106039,14,23,24,27,36,39,13
106040,1,9,18,19,34,49,11
106041,16,17,20,21,32,40,15
106042,2,9,18,22,25,35,14
106043,5,6,7,14,29,46,24
106044,15,16,21,23,28,46,14
106045,2,10,15,22,26,32,42
106046,8,14,16,19,21,35,20
106047,7,14,19,30,31,39,40
106048,3,7,8,23,30,31,32
106049,14,16,25,32,36,48,12
106050,24,26,31,32,37,46,1
106051,2,4,17,22,36,43,40
106052,1,15,21,26,36,45,10
106053,1,12,29,30,33,44,19
106054,2,8,12,34,41,42,7
106055,11,33,34,46,47,49,38
106056,8,12,22,30,32,36,6
106057,4,21,27,28,30,35,42
106058,18,30,40,42,44,49,8
106059,6,16,19,23,33,39,7
106060,16,18,19,25,26,32,22
106061,13,14,21,29,42,48,11
106062,2,12,24,32,42,47,29
106063,2,11,23,30,33,42,7
106064,11,13,18,22,38,39,3
106065,2,12,21,30,42,47,31
106066,15,16,26,27,39,45,37
106067,6,9,23,27,34,46,20
106068,2,8,9,18,27,37,33
106069,13,16,27,28,33,42,11
106070,7,10,12,35,38,47,23
106071,4,10,13,36,44,45,5
106072,1,4,19,24,28,31,49
106073,5,18,25,31,48,49,44
106074,5,11,14,16,36,40,46
106075,13,17,23,27,33,41,2
106076,8,13,15,19,29,42,25
106077,7,23,29,36,45,49,14
106078,3,8,11,16,33,37,35
106079,2,12,15,18,37,40,39
106080,18,35,39,43,47,49,44
106081,10,11,14,19,22,38,42
106082,3,14,16,21,33,36,20
106083,15,18,25,30,33,44,38
106084,4,28,32,37,41,45,47
106085,6,28,29,30,31,39,33
106086,5,8,23,34,44,46,16
106087,1,3,6,11,19,27,5
106088,3,8,18,19,26,42,17
106089,2,3,5,14,16,29,32
106090,2,11,17,22,38,40,41
106091,4,25,31,36,39,46,2
106092,8,20,23,33,36,43,2
106093,5,6,12,22,30,48,41
106094,10,15,24,26,29,35,12
106095,5,15,24,25,44,47,45
106096,2,14,19,28,39,46,45
106097,4,23,25,28,39,43,41
106098,4,8,10,14,41,45,38
106099,9,14,17,19,46,47,29
106100,2,3,5,28,42,48,9
106101,1,12,13,37,41,43,49
106102,1,5,8,10,34,35,46
106103,16,19,28,37,38,41,10
106104,17,19,24,27,31,37,8
106105,3,14,18,31,41,42,2
106106,12,18,20,21,31,37,24
106107,7,8,10,20,24,27,19
106108,11,12,15,20,27,47,36
107001,2,6,12,18,36,46,47
107002,4,13,17,29,31,44,14
107003,2,10,22,23,24,37,42
107004,1,7,14,22,40,45,29
107005,8,26,29,32,36,39,23
107006,2,13,16,22,26,48,39
107007,2,12,26,28,33,34,44
107008,7,23,32,34,43,47,24
107009,7,8,15,23,31,36,30
107010,1,2,10,11,26,43,40
107011,6,10,24,27,41,43,49
107012,12,17,20,21,30,45,9
107013,4,10,19,26,35,45,38
107014,7,21,22,37,41,48,15
107015,4,7,23,24,27,41,17
107016,3,5,17,32,33,47,36
107017,7,8,20,28,34,46,10
107018,7,9,19,22,36,49,29
107019,12,33,34,38,40,46,7
107020,3,7,15,16,18,41,42
107021,1,3,18,23,28,44,10
107022,1,12,17,25,31,48,21
107023,9,11,13,17,38,42,29
107024,12,15,18,27,30,38,19
107025,14,20,22,27,28,38,19
107026,3,14,16,17,43,46,4
107027,8,9,23,30,37,41,31
107028,4,9,13,32,34,41,42
107029,13,15,24,30,38,40,44
107030,1,5,13,43,44,47,25
107031,1,7,22,32,34,36,8
107032,7,25,31,34,47,49,26
107033,7,27,32,34,41,47,9
107034,1,12,25,28,40,46,39
107035,7,16,31,38,40,41,39
107036,10,14,32,33,35,46,43
107037,9,10,19,21,35,36,49
107038,4,25,26,27,30,48,11
107039,8,29,33,34,46,49,19
107040,10,22,30,33,36,47,43
107041,3,8,21,22,37,41,46
107042,4,11,25,35,37,48,36
107043,2,12,13,16,32,43,24
107044,1,11,36,38,41,42,48
107045,2,13,24,29,41,49,45
107046,1,6,22,24,32,42,16
107047,11,14,20,26,37,41,2
107048,16,26,28,33,42,49,20
107049,2,17,22,25,26,41,16
107050,2,9,17,31,32,40,47
107051,2,3,14,15,35,37,29
107052,16,25,28,30,44,46,27
107053,8,9,28,34,37,42,15
107054,6,7,11,25,26,30,31
107055,5,9,11,23,37,44,24
107056,4,13,27,30,37,41,20
107057,9,11,20,31,34,44,10
107058,2,3,21,28,32,47,27
107059,9,11,21,24,39,43,7
107060,2,14,21,31,42,46,4
107061,11,20,26,34,41,43,9
107062,9,12,13,24,39,45,38
107063,24,25,29,32,42,49,12
107064,5,12,17,19,35,48,9
107065,15,20,22,31,35,37,14
107066,4,6,30,35,40,43,13
107067,12,13,19,25,30,46,5
107068,5,7,16,18,36,48,37
107069,15,16,17,25,34,49,5
107070,3,14,19,21,35,48,13
107071,8,12,17,28,31,34,1
107072,3,7,9,31,39,45,35
107073,8,10,11,39,42,44,27
107074,12,15,34,37,43,46,38
107075,4,6,10,15,42,49,12
107076,2,8,14,21,37,44,49
107077,14,16,18,23,25,44,41
107078,19,29,36,37,45,46,18
107079,11,23,34,36,41,45,43
107080,3,5,10,11,29,45,25
107081,19,25,27,39,40,46,6
107082,1,2,7,20,27,37,19
107083,2,8,16,33,42,47,14
107084,3,9,10,42,44,47,5
107085,8,13,16,23,35,41,21
107086,4,6,7,12,20,21,29
107087,1,24,39,40,46,49,33
107088,7,18,20,32,42,49,24
107089,6,9,13,20,42,43,21
107090,8,10,23,33,41,46,48
107091,3,9,28,32,39,47,7
107092,5,16,18,32,41,47,2
107093,2,5,26,29,38,39,7
107094,4,12,14,15,22,48,28
107095,7,21,35,36,42,43,10
107096,7,11,23,30,38,49,45
107097,4,31,34,36,40,44,20
107098,7,20,21,34,37,43,5
107099,27,33,36,41,43,44,31
107100,5,14,20,27,29,45,7
107101,3,6,12,16,17,20,14
107102,11,20,29,33,34,36,18
107103,7,12,15,21,27,47,48
107104,6,9,14,19,38,49,20
107105,5,8,11,15,33,37,3
107106,5,19,21,34,41,49,42
107107,7,26,27,28,30,32,44
107108,7,11,19,23,35,44,33
108001,18,23,24,25,39,42,48
108002,6,7,8,20,47,48,30
108003,4,19,21,28,39,43,18
108004,13,20,22,31,34,42,9
108005,12,20,30,38,40,41,10
108006,4,5,10,30,39,45,14
108007,2,20,36,37,42,46,29
108008,3,10,14,15,20,45,2
108009,14,20,24,30,44,48,31
108010,10,17,20,21,32,41,34
108011,2,7,22,35,46,49,41
108012,12,24,28,36,37,40,6
108013,6,8,24,32,34,36,49
108014,13,18,30,34,45,49,33
108015,17,23,28,29,32,39,12
108016,7,21,29,33,40,41,8
108017,8,13,14,32,36,42,5
108018,6,8,18,19,20,30,22
108019,5,8,14,19,22,47,24
108020,11,16,19,29,30,45,1
108021,1,3,40,44,46,48,2
108022,1,3,4,24,32,43,37
108023,6,20,22,43,45,48,11
108024,6,17,22,34,38,42,20
108025,1,8,14,27,40,45,34
108026,12,13,16,21,42,43,39
108027,3,11,15,25,31,48,36
108028,5,7,22,37,40,45,12
108029,5,10,12,20,28,36,15
108030,7,16,17,36,47,48,49
108031,1,12,16,37,41,47,36
108032,6,13,14,19,24,38,26
108033,1,3,12,16,29,49,4
108034,5,28,38,40,41,47,25
108035,11,28,29,38,41,49,22
108036,10,36,37,44,45,46,48
108037,12,26,32,34,45,46,14
108038,1,14,23,36,39,41,4
108039,4,11,24,29,32,45,49
108040,8,14,16,18,30,35,36
108041,8,24,29,37,44,48,6
108042,1,4,19,24,47,49,36
108043,6,7,19,31,32,40,15
108044,2,14,23,29,35,43,22
108045,11,17,27,31,33,37,12
108046,9,15,27,28,40,43,45
108047,2,7,12,21,23,45,10
108048,7,10,18,32,41,46,42
108049,12,13,19,21,29,39,41
108050,3,11,22,36,38,40,7
108051,8,15,21,31,36,46,18
108052,5,6,19,23,43,48,7
108053,18,22,26,27,30,38,45
108054,6,31,32,39,40,42,28
108055,6,10,12,22,24,37,3
108056,5,16,27,29,33,45,28
108057,7,12,26,30,31,32,13
108058,8,20,31,36,38,45,33
108059,9,13,15,26,31,33,10
108060,2,4,11,33,39,42,19
108061,11,17,32,33,38,46,15
108062,11,17,20,34,37,41,6
108063,12,14,18,19,37,47,30
108064,15,30,31,37,39,48,8
108065,12,17,26,33,35,39,10
108066,12,14,35,37,42,47,6
108067,4,11,36,40,41,48,49
108068,4,12,21,24,33,35,42
108069,5,34,42,46,48,49,14
108070,1,10,20,37,38,49,31
108071,4,13,18,26,41,48,33
108072,5,21,25,32,36,41,33
108073,7,8,31,33,41,45,39
108074,1,16,19,27,35,42,41
108075,5,17,19,21,42,43,16
108076,1,4,8,10,45,47,41
108077,6,26,35,42,44,48,7
108078,11,13,25,32,33,48,31
108079,2,14,19,20,26,43,23
108080,3,12,17,20,29,38,47
108081,2,7,15,27,37,39,43
108082,12,18,29,40,41,48,24
108083,8,17,23,24,31,34,25
108084,2,16,18,20,22,39,21
108085,10,21,25,26,35,37,4
108086,2,9,12,15,20,49,40
108087,10,21,23,33,42,48,41
108088,7,13,18,21,26,34,8
108089,7,12,17,21,30,37,49
108090,13,21,28,35,37,38,33
108091,3,23,32,36,39,40,49
108092,6,17,22,23,32,42,13
108093,3,8,14,16,26,36,41
108094,3,10,12,23,36,41,18
108095,12,15,23,33,41,42,11
108096,9,13,22,37,40,42,26
108097,1,3,9,26,40,47,15
108098,1,19,25,27,31,40,12
108099,3,6,11,16,26,44,31
108100,5,15,30,35,38,47,18
108101,3,18,23,24,26,49,32
108102,8,10,15,19,36,45,37
108103,10,21,24,30,35,45,22
108104,5,9,11,15,36,45,27
108105,16,18,22,23,24,41,39
108106,3,8,18,19,41,48,36
108107,7,12,26,31,37,49,17
108108,9,21,27,31,38,49,3
108109,16,21,22,28,32,46,24
108110,9,18,31,45,48,49,22
108111,17,18,25,32,43,45,5
108112,10,14,26,38,39,47,8
109001,16,18,19,29,30,47,10
109002,1,5,8,15,16,38,7
109003,4,7,12,17,33,38,11
109004,7,20,34,37,38,47,18
109005,7,9,20,42,44,45,8
109006,17,22,30,38,44,48,36
109007,13,18,23,30,44,48,37
109008,7,13,18,21,38,44,3
109009,5,13,16,31,41,45,9
109010,3,28,29,35,41,47,48
109011,9,12,23,33,39,45,24
109012,2,3,13,20,28,38,40
109013,1,4,9,14,15,49,32
109014,6,24,35,41,46,49,9
109015,14,16,19,28,32,49,1
109016,2,10,12,20,26,34,28
109017,3,16,17,30,33,37,29
109018,3,23,27,28,37,48,8
109019,5,15,19,22,30,42,31
109020,9,22,23,37,43,46,38
109021,7,13,23,33,35,36,9
109022,4,13,31,35,37,42,49
109023,13,15,27,34,35,39,31
109024,1,2,8,44,47,48,9
109025,2,9,18,27,46,48,25
109026,8,10,11,17,28,42,40
109027,8,12,13,15,16,30,45
109028,1,4,12,25,34,37,42
109029,14,22,32,33,34,49,31
109030,10,17,28,29,43,47,4
109031,1,8,13,43,46,48,29
109032,10,12,16,29,41,45,1
109033,2,8,10,16,23,49,41
109034,6,21,26,34,36,49,23
109035,2,17,32,43,45,47,34
109036,4,7,12,18,27,44,23
109037,13,33,41,47,48,49,1
109038,17,19,21,26,33,45,12
109039,1,21,31,33,42,44,22
109040,1,2,29,33,45,47,39
109041,7,10,14,15,17,39,45
109042,16,29,36,39,43,48,42
109043,5,18,25,34,48,49,45
109044,17,19,24,36,43,49,26
109045,8,9,10,24,27,31,33
109046,1,5,8,11,35,36,26
109047,6,11,31,40,42,45,43
109048,27,32,33,40,43,44,37
109049,3,7,10,13,39,46,29
109050,1,5,25,29,33,38,19
109051,31,35,39,40,45,49,41
109052,1,6,22,25,33,48,19
109053,3,5,8,24,26,49,19
109054,8,17,28,35,36,47,41
109055,1,6,28,30,33,48,27
109056,6,13,20,23,29,46,42
109057,1,15,16,25,43,46,6
109058,1,2,16,22,27,45,13
109059,10,12,16,37,40,41,5
109060,26,29,31,43,46,49,6
109061,13,19,20,24,40,45,33
109062,4,17,22,34,44,46,13
109063,4,5,22,27,46,49,41
109064,4,10,24,29,32,49,43
109065,5,6,15,25,30,41,29
109066,3,16,25,31,33,36,14
109067,2,20,21,24,35,37,9
109068,8,10,22,23,29,35,2
109069,16,17,18,19,33,45,25
109070,1,5,11,19,31,33,6
109071,6,9,19,40,44,45,1
109072,8,12,40,42,44,47,5
109073,16,20,24,25,31,33,37
109074,4,22,30,43,45,47,15
109075,5,14,40,44,45,46,32
109076,2,23,28,35,46,48,33
109077,13,14,19,22,23,36,24
109078,1,2,6,8,38,43,24
109079,2,9,11,13,39,43,35
109080,1,2,9,20,26,48,36
109081,1,26,29,39,48,49,9
109082,7,16,29,32,37,48,21
109083,3,29,30,32,43,44,35
109084,3,4,5,8,24,39,7
109085,10,31,35,36,39,48,27
109086,1,7,8,33,42,47,31
109087,11,15,16,18,24,26,46
109088,4,5,22,23,34,40,37
109089,2,7,19,25,42,47,6
109090,1,3,15,27,39,41,20
109091,7,25,28,33,44,47,19
109092,5,17,18,28,30,39,13
109093,3,9,20,25,26,35,39
109094,2,9,19,28,30,32,35
109095,6,10,13,19,40,45,7
109096,6,11,15,30,32,44,29
109097,5,9,25,39,44,46,2
109098,5,17,19,21,28,29,43
109099,7,9,12,15,25,29,47
109100,6,14,18,20,38,41,29
109101,16,27,29,35,37,48,31
109102,5,29,36,38,44,45,23
109103,1,19,26,30,35,48,11
109104,4,22,29,37,44,49,30
109105,2,13,27,30,41,44,40
109106,2,4,10,15,31,45,17
109107,8,17,36,37,42,43,34
109108,2,6,17,21,43,48,41
109109,2,11,24,26,30,41,1
109110,20,22,25,30,31,45,2
109111,1,5,6,19,29,30,39
109112,10,14,33,34,35,39,40
110001,5,37,41,42,46,49,18
110002,8,13,17,20,43,48,38
110003,4,18,24,26,43,47,33
110004,1,10,20,28,37,44,33
110005,3,4,8,11,42,44,21
110006,15,29,31,33,41,47,37
110007,7,30,34,36,45,46,43
110008,8,20,23,37,43,46,44
110009,14,22,30,31,39,40,49
110010,14,34,35,38,43,47,40
110011,5,9,19,31,33,35,32
110012,1,3,6,12,27,43,2
110013,3,18,24,34,41,42,37
110014,7,17,18,26,41,47,39
110015,5,6,10,12,44,48,36
110016,13,30,37,40,43,46,5
110017,1,12,16,17,38,45,32
110018,4,8,10,18,33,40,2
110019,1,9,11,12,37,46,43
110020,2,13,24,26,45,49,10
110021,1,3,9,41,42,48,27
110022,2,28,31,36,40,45,24
110023,1,6,10,11,26,47,22
110024,9,18,25,27,32,39,40
110025,1,6,18,19,20,42,43
110026,4,13,22,23,39,42,26
110027,5,7,11,24,27,30,12
110028,6,8,14,29,38,48,35
110029,8,9,13,29,36,46,23
110030,8,21,26,30,33,46,45
110031,8,19,22,24,30,43,13
110032,7,19,28,35,38,48,8
110033,2,15,28,43,45,49,35
110034,15,21,24,30,37,38,34
110035,17,22,23,25,31,33,3
110036,17,21,25,30,40,42,26
110037,1,22,26,28,34,38,35
110038,6,9,18,25,29,35,46
110039,11,25,31,32,35,42,41
110040,7,10,16,21,33,46,2
110041,5,7,9,15,24,26,13
110042,18,20,23,32,37,46,39
110043,5,8,20,23,34,39,31
110044,4,14,22,42,46,47,21
110045,5,15,17,19,27,37,42
110046,12,22,26,35,36,49,32
110047,5,7,9,27,35,42,19
110048,2,13,14,30,43,48,17
110049,11,15,16,18,35,43,46
110050,2,4,25,26,27,29,41
110051,15,31,38,44,46,48,21
110052,4,12,18,23,43,46,7
110053,1,2,9,26,35,41,46
110054,7,8,24,28,32,41,10
110055,4,6,26,36,38,47,43
110056,7,9,16,23,27,44,46
110057,9,11,23,34,41,45,49
110058,2,18,22,25,41,43,14
110059,14,17,27,43,45,48,41
110060,1,4,9,37,38,41,40
110061,1,23,25,30,38,45,14
110062,4,9,11,25,27,29,22
110063,13,19,25,32,42,44,2
110064,3,13,24,26,27,29,9
110065,9,14,17,23,33,48,4
110066,13,16,17,19,39,44,42
110067,1,8,32,41,44,49,23
110068,7,15,23,24,31,38,9
110069,3,28,30,42,43,46,15
110070,2,15,19,29,43,46,23
110071,17,27,30,38,42,44,24
110072,3,4,15,29,32,39,38
110073,1,3,16,17,24,25,46
110074,5,6,19,24,33,41,3
110075,2,11,29,33,41,44,40
110076,3,6,11,13,18,37,46
110077,1,5,17,36,40,41,38
110078,8,11,16,32,35,43,41
110079,7,14,23,43,47,49,48
110080,1,18,21,24,32,41,12
110081,4,20,26,27,45,48,37
110082,1,5,15,16,28,41,44
110083,9,13,18,22,40,41,49
110084,7,12,18,35,37,45,44
110085,2,13,16,28,31,34,21
110086,4,10,21,30,39,42,22
110087,23,24,27,36,47,49,40
110088,2,9,16,22,41,49,7
110089,1,3,11,23,46,47,45
110090,18,19,20,34,37,44,10
110091,1,6,14,26,28,31,30
110092,2,12,21,25,26,37,10
110093,20,21,26,35,39,47,16
110094,8,13,25,27,38,46,12
110095,14,18,21,26,47,49,30
110096,2,9,17,28,36,42,46
110097,1,12,17,21,37,43,47
110098,16,18,26,30,40,44,13
110099,9,14,20,26,39,42,5
110100,2,3,25,27,37,47,26
110101,6,23,34,41,43,44,38
110102,13,15,16,17,23,36,29
110103,6,7,13,32,33,37,42
110104,10,15,16,21,22,30,14
110105,9,10,26,31,40,49,8
110106,8,13,14,35,36,41,5
110107,19,21,30,43,44,48,8
110108,3,15,21,24,27,40,13
110109,7,14,21,27,30,36,43
110110,2,11,30,35,37,40,13
110111,4,5,27,31,44,48,33
110112,2,7,11,19,27,44,22
110113,1,2,8,11,21,45,16
110114,5,9,14,28,34,37,35
111001,3,4,7,19,22,43,36
111002,6,9,15,31,38,39,25
111003,10,11,13,17,36,49,41
111004,5,13,14,24,26,35,39
111005,19,22,33,35,38,48,11
111006,15,26,27,34,37,42,47
111007,2,9,10,15,27,35,44
111008,7,12,36,41,42,44,29
111009,1,2,20,23,26,34,19
111010,3,8,15,20,22,23,36
111011,4,14,32,33,43,44,49
111012,8,25,34,44,45,47,24
111013,6,11,18,23,33,41,39
111014,5,9,18,22,34,36,11
111015,1,18,21,29,36,38,16
111016,2,4,13,36,41,49,16
111017,12,24,29,34,38,42,33
111018,3,18,23,32,40,45,38
111019,5,23,29,33,38,49,24
111020,2,7,11,18,35,45,25
111021,1,22,25,27,41,44,3
111022,23,24,30,42,44,46,48
111023,18,23,26,27,40,42,3
111024,16,20,36,39,47,48,35
111025,3,21,22,34,37,40,5
111026,17,18,21,26,38,49,20
111027,7,17,19,24,31,45,38
111028,1,3,18,29,30,31,26
111029,13,14,16,19,30,44,20
111030,3,4,8,15,21,24,29
111031,1,31,33,37,46,47,36
111032,2,15,21,26,42,44,45
111033,7,21,26,36,43,49,16
111034,14,17,22,45,47,49,26
111035,16,21,24,27,29,43,41
111036,3,10,11,20,34,38,4
111037,8,15,24,27,31,33,13
111038,10,15,19,29,31,44,23
111039,14,17,18,22,40,42,37
111040,2,9,11,14,15,30,22
111041,4,5,18,20,30,41,23
111042,3,28,32,36,47,49,16
111043,12,31,32,42,43,49,36
111044,12,14,18,25,44,48,45
111045,14,16,18,19,21,23,3
111046,1,5,19,28,45,49,29
111047,2,11,20,24,32,48,27
111048,10,24,27,36,37,48,29
111049,9,22,28,29,34,37,36
111050,5,8,12,22,42,49,46
111051,4,19,24,35,45,46,2
111052,4,11,18,37,39,46,27
111053,10,11,17,25,27,28,31
111054,4,11,39,42,43,48,44
111055,4,17,18,19,31,44,46
111056,5,10,13,28,29,38,34
111057,3,9,20,28,29,47,35
111058,7,11,28,30,46,47,48
111059,3,14,20,34,41,44,43
111060,3,18,26,29,40,43,13
111061,21,24,25,41,42,45,34
111062,14,20,29,32,34,43,2
111063,3,8,26,38,45,47,35
111064,5,9,15,35,40,44,10
111065,7,14,17,20,29,45,30
111066,14,15,27,41,43,49,39
111067,9,16,23,29,40,41,43
111068,11,12,24,30,33,38,31
111069,10,12,17,27,29,39,47
111070,12,18,19,21,33,37,15
111071,2,26,28,29,37,48,5
111072,5,18,21,30,43,46,26
111073,9,11,21,23,30,33,34
111074,4,7,15,21,37,43,5
111075,1,7,11,16,18,31,24
111076,3,4,10,21,28,41,15
111077,6,23,24,25,47,49,5
111078,4,16,17,30,38,42,5
111079,5,8,16,27,35,45,37
111080,20,23,25,36,43,45,38
111081,26,32,35,36,38,49,39
111082,7,15,17,28,36,39,1
111083,7,10,15,21,34,48,38
111084,2,6,7,27,31,44,28
111085,11,13,24,29,35,43,1
111086,2,12,30,31,44,48,46
111087,10,17,28,34,40,43,29
111088,5,12,18,28,34,39,24
111089,13,14,23,34,43,49,44
111090,5,10,15,16,26,30,12
111091,1,3,23,25,42,46,2
111092,1,11,13,25,32,36,30
111093,1,14,27,38,39,47,49
111094,11,20,36,37,42,49,3
111095,18,32,36,43,48,49,23
111096,17,18,19,23,25,32,26
111097,17,24,28,32,34,40,3
111098,11,21,23,30,36,47,6
111099,15,18,37,39,44,47,43
111100,2,10,19,20,36,48,37
111101,19,20,26,29,34,39,4
111102,10,17,27,37,44,45,22
111103,5,13,18,24,27,48,32
111104,14,15,20,26,35,41,36
111105,6,21,34,37,46,49,18
111106,8,22,28,40,41,45,34
111107,10,15,27,32,39,42,28
111108,10,16,22,40,45,48,31
111109,6,9,12,14,33,47,34
111110,6,11,12,40,47,49,28
111111,3,4,12,16,29,32,39
111112,9,13,32,34,35,39,1
111113,3,11,16,21,22,39,4
111114,5,8,14,17,20,46,7
